{
  "$schema": "https://raw.githubusercontent.com/grafana/grafana/master/docs/sources/developers/plugins/plugin.schema.json",
  "type": "datasource",
  "name": "SkyWalking",
  "id": "apache-skywalking-datasource",
  "metrics": true,
  "info": {
    "description": "Apache SkyWalking",
    "author": {
      "name": "Apache SkyWalking"
    },
    "keywords": ["datasource"],
    "logos": {
      "small": "img/logo-sw.svg",
      "large": "img/logo.svg"
    },
    "links": [],
    "screenshots": [
      {
        "name": "Config",
        "path": "img/config.png"
      },
      {
        "name": "Query",
        "path": "img/query.png"
      },
      {
        "name": "View",
        "path": "img/view.png"
      }
    ],
    "version": "0.1.0",
    "updated": "2023-08-25"
  },
  "dependencies": {
    "grafanaDependency": ">=9.5.1",
    "plugins": []
  },
  "routes": [
    {
      "path": "graphql",
      "url": "{{ .JsonData.URL }}",
      "headers": [
        {
          "name": "Content-Type",
          "content": "application/json"
        }
      ]
    }
  ]
}
